svd_id,app_label
SVD-2024-0112,"Splunk Add-on Builder"
SVD-2024-0111,"Splunk Add-on Builder"
SVD-2024-0110,"Splunk Add-on Builder"
SVD-2024-0104,"Splunk User Behavior Analytics"
SVD-2024-0103,"Splunk Enterprise Security"
SVD-2024-0102,"Splunk Enterprise Security"
SVD-2024-0101,"Splunk Enterprise Security"
SVD-2023-1102,"Splunk Add-on for Google Cloud Platform"
SVD-2023-1101,"Splunk Add-on for AWS"
SVD-2023-0811,"IT Service Intelligence"
SVD-2023-0810,"IT Service Intelligence"
SVD-2023-0610,"Splunk App for Lookup File Editing"
SVD-2023-0608,"Splunk App for Lookup File Editing"
SVD-2023-0607,"Splunk Stream"
SVD-2023-0213,"Splunk Add-on Builder"