name,description,validation
"svd_02_MR","All SVDs mitigated",fail
"svd_03_MR","Manual checks are done",pass
"svd_04_MR","Indexers are configured to receive encrypted traffic",pass
"svd_05_MR","Webserver access is secured by HTTPS",pass
"svd_06_MR","Splunk signatureVersion protocol v2 is used",pass
"svd_07_MR","PYTHON HTTPS verification is set",pass
"svd_08_MR","Current Splunk Enterprise version is still supported",pass
"svd_09_MR","All Universal Forwarder (UF) versions are still supported",pass
"svd_10_MR","All currently used Linux kernel versions are still supported",fail
"svd_11_MR","Current version of Enterprise Security supported",pass
"svd_12_MR","Current version of IT Service Intelligence supported",pass
"svd_13_MR","Deployment Server authentication enabled",pass
"svd_14_MR","Splunk directory not owned by root and permissions are set correct (0750 or 0700)",pass
"svd_15_MR","Custom Webserver Certificate is used",pass
"svd_16_MR","Webserver hardening is done",pass
"svd_17_MR","SELinux is enabled on all instances",fail
"svd_18_MR","Looking for config in deployment-apps: UFs should not have their management port (8089) open",pass
"svd_19_MR","All indexes have dataIntegrityControl enabled",pass
"svd_20_MR","HEC is secured by HTTPS and token config is hardened",pass
"svd_21_MR","Indexer Webserver Service disabled","N.A. (single instance)"
"svd_22_MR","At least one base app was found (best practice)",pass
