SVD,Status
"SVD-2024-0801",mitigated
"SVD-2024-0718",mitigated
"SVD-2024-0717",mitigated
"SVD-2024-0716",mitigated
"SVD-2024-0715",mitigated
"SVD-2024-0714",mitigated
"SVD-2024-0713",mitigated
"SVD-2024-0712",mitigated
"SVD-2024-0711",mitigated
"SVD-2024-0710",mitigated
"SVD-2024-0709",mitigated
"SVD-2024-0708",vulnerable
"SVD-2024-0707",mitigated
"SVD-2024-0706",mitigated
"SVD-2024-0705",mitigated
"SVD-2024-0704",mitigated
"SVD-2024-0703",mitigated
"SVD-2024-0702",mitigated
"SVD-2024-0701",mitigated
"SVD-2024-0304",vulnerable
"SVD-2024-0303",mitigated
"SVD-2024-0302",mitigated
"SVD-2024-0301",mitigated
"SVD-2024-0112",mitigated
"SVD-2024-0111",mitigated
"SVD-2024-0110",mitigated
"SVD-2024-0109",mitigated
"SVD-2024-0108",mitigated
"SVD-2024-0107",mitigated
"SVD-2024-0106",mitigated
"SVD-2024-0105",mitigated
"SVD-2024-0104",mitigated
"SVD-2024-0103",mitigated
"SVD-2024-0102",mitigated
"SVD-2024-0101",mitigated
"SVD-2023-1107",mitigated
"SVD-2023-1106","no action required"
"SVD-2023-1105",mitigated
"SVD-2023-1104",mitigated
"SVD-2023-1103",mitigated
"SVD-2023-1102",mitigated
"SVD-2023-1101","not installed"
"SVD-2023-1001","no action required"
"SVD-2023-0811",mitigated
"SVD-2023-0810",mitigated
"SVD-2023-0809",mitigated
"SVD-2023-0808",mitigated
"SVD-2023-0807",mitigated
"SVD-2023-0806",mitigated
"SVD-2023-0805",mitigated
"SVD-2023-0804",mitigated
"SVD-2023-0803",mitigated
"SVD-2023-0802",mitigated
"SVD-2023-0801",mitigated
"SVD-2023-0702",mitigated
"SVD-2023-0701","no action required"
"SVD-2023-0615","no action required"
"SVD-2023-0614",mitigated
"SVD-2023-0613",mitigated
"SVD-2023-0612",mitigated
"SVD-2023-0611",mitigated
"SVD-2023-0610",mitigated
"SVD-2023-0609",mitigated
"SVD-2023-0608",mitigated
"SVD-2023-0607","not installed"
"SVD-2023-0606",mitigated
"SVD-2023-0605",mitigated
"SVD-2023-0604",mitigated
"SVD-2023-0603",mitigated
"SVD-2023-0602",mitigated
"SVD-2023-0601",mitigated
"SVD-2023-0215",mitigated
"SVD-2023-0214","no action required"
"SVD-2023-0213",mitigated
"SVD-2023-0212",mitigated
"SVD-2023-0211",mitigated
"SVD-2023-0210",mitigated
"SVD-2023-0209",mitigated
"SVD-2023-0208",mitigated
"SVD-2023-0207",mitigated
"SVD-2023-0206",mitigated
"SVD-2023-0205",mitigated
"SVD-2023-0204",mitigated
"SVD-2023-0203",mitigated
"SVD-2023-0202",mitigated
"SVD-2023-0201",mitigated
"SVD-2022-1114","no action required"
"SVD-2022-1113",mitigated
"SVD-2022-1112",mitigated
"SVD-2022-1111",mitigated
"SVD-2022-1110",mitigated
"SVD-2022-1109",mitigated
"SVD-2022-1108",mitigated
"SVD-2022-1107",mitigated
"SVD-2022-1106",mitigated
"SVD-2022-1105",mitigated
"SVD-2022-1104",mitigated
"SVD-2022-1103",mitigated
"SVD-2022-1102",mitigated
"SVD-2022-1101",mitigated
"SVD-2022-0804",mitigated
"SVD-2022-0803",mitigated
"SVD-2022-0802",mitigated
"SVD-2022-0801",mitigated
"SVD-2022-0608",mitigated
"SVD-2022-0607",mitigated
"SVD-2022-0606",mitigated
"SVD-2022-0605",mitigated
"SVD-2022-0604",mitigated
"SVD-2022-0603",vulnerable
"SVD-2022-0602",vulnerable
"SVD-2022-0601",mitigated
"SVD-2022-0507",mitigated
"SVD-2022-0506",mitigated
"SVD-2022-0505",mitigated
"SVD-2022-0504",mitigated
"SVD-2022-0503",mitigated
"SVD-2022-0502",mitigated
"SVD-2022-0501",mitigated
"SVD-2022-0301",mitigated
"SVD-2021-1201","no action required"
